"","di_id","year","value.ncu","budget.type","gdp.current.ncu","value"
"4877","TV",2018,6.7e+07,"proj",5.4e+07,124.074074074074
"4875","TV",2016,5.5e+07,"actual",4.9e+07,112.244897959184
"2561","KI",2015,248600000,"actual",2.25e+08,110.488888888889
